{
  "token_acc": 1.0,
  "token_p": 0.9988117635,
  "token_r": 0.9995045581,
  "token_f": 0.9991580407,
  "pos_acc": 0.9702313141,
  "morph_acc": 0.9534422982,
  "morph_micro_p": 0.978440699,
  "morph_micro_r": 0.9751133553,
  "morph_micro_f": 0.9767741935,
  "morph_per_feat": {
    "Mood": {
      "p": 0.9770808203,
      "r": 0.9794437727,
      "f": 0.9782608696
    },
    "Number": {
      "p": 0.9926424546,
      "r": 0.9875408815,
      "f": 0.9900850964
    },
    "Person": {
      "p": 0.9712765957,
      "r": 0.9743863394,
      "f": 0.9728289824
    },
    "Tense": {
      "p": 0.9304677623,
      "r": 0.9684210526,
      "f": 0.9490651193
    },
    "VerbForm": {
      "p": 0.9732072498,
      "r": 0.9786053883,
      "f": 0.9758988542
    },
    "Gender": {
      "p": 0.9659508609,
      "r": 0.9548670874,
      "f": 0.9603769956
    },
    "PronType": {
      "p": 0.9890625,
      "r": 0.9813953488,
      "f": 0.9852140078
    },
    "Definite": {
      "p": 0.9952574526,
      "r": 0.9952574526,
      "f": 0.9952574526
    },
    "NumType": {
      "p": 0.9671052632,
      "r": 0.9639344262,
      "f": 0.9655172414
    },
    "Voice": {
      "p": 0.9195402299,
      "r": 0.9302325581,
      "f": 0.9248554913
    },
    "Polarity": {
      "p": 1.0,
      "r": 0.9861111111,
      "f": 0.993006993
    },
    "Case": {
      "p": 0.8571428571,
      "r": 0.8571428571,
      "f": 0.8571428571
    }
  },
  "sents_p": 0.9346642468,
  "sents_r": 0.9597677922,
  "sents_f": 0.9457981824,
  "dep_uas": 0.9013711257,
  "dep_las": 0.8593155894,
  "dep_las_per_type": {
    "cop": {
      "p": 0.8684210526,
      "r": 0.9361702128,
      "f": 0.9010238908
    },
    "root": {
      "p": 0.9364791289,
      "r": 0.9214285714,
      "f": 0.9288928893
    },
    "det": {
      "p": 0.9638554217,
      "r": 0.9659714599,
      "f": 0.9649122807
    },
    "amod": {
      "p": 0.9423558897,
      "r": 0.9170731707,
      "f": 0.9295426452
    },
    "nsubj": {
      "p": 0.8890814558,
      "r": 0.8952879581,
      "f": 0.892173913
    },
    "case": {
      "p": 0.973265436,
      "r": 0.9757498405,
      "f": 0.9745060548
    },
    "nmod": {
      "p": 0.8051948052,
      "r": 0.8285077951,
      "f": 0.8166849616
    },
    "flat:name": {
      "p": 0.8732394366,
      "r": 0.9018181818,
      "f": 0.8872987478
    },
    "acl": {
      "p": 0.6476190476,
      "r": 0.5862068966,
      "f": 0.6153846154
    },
    "advmod": {
      "p": 0.8163841808,
      "r": 0.8210227273,
      "f": 0.8186968839
    },
    "obl": {
      "p": 0.6811881188,
      "r": 0.70781893,
      "f": 0.6942482341
    },
    "conj": {
      "p": 0.5871212121,
      "r": 0.5719557196,
      "f": 0.5794392523
    },
    "cc": {
      "p": 0.8808510638,
      "r": 0.9,
      "f": 0.8903225806
    },
    "obj": {
      "p": 0.8734693878,
      "r": 0.8246628131,
      "f": 0.8483647175
    },
    "obl:agent": {
      "p": 0.7941176471,
      "r": 0.9,
      "f": 0.84375
    },
    "acl:relcl": {
      "p": 0.610619469,
      "r": 0.6509433962,
      "f": 0.6301369863
    },
    "mark": {
      "p": 0.8883495146,
      "r": 0.8551401869,
      "f": 0.8714285714
    },
    "advcl": {
      "p": 0.572519084,
      "r": 0.6696428571,
      "f": 0.6172839506
    },
    "xcomp": {
      "p": 0.8482142857,
      "r": 0.76,
      "f": 0.8016877637
    },
    "iobj": {
      "p": 0.6666666667,
      "r": 0.1818181818,
      "f": 0.2857142857
    },
    "appos": {
      "p": 0.5895953757,
      "r": 0.6219512195,
      "f": 0.6053412463
    },
    "fixed": {
      "p": 0.7692307692,
      "r": 0.7142857143,
      "f": 0.7407407407
    },
    "nummod": {
      "p": 0.9671052632,
      "r": 0.9423076923,
      "f": 0.9545454545
    },
    "dep": {
      "p": 0.0,
      "r": 0.0,
      "f": 0.0
    },
    "aux": {
      "p": 0.9076923077,
      "r": 0.9516129032,
      "f": 0.9291338583
    },
    "csubj": {
      "p": 0.6666666667,
      "r": 0.5,
      "f": 0.5714285714
    },
    "ccomp": {
      "p": 0.75,
      "r": 0.65,
      "f": 0.6964285714
    },
    "orphan": {
      "p": 0.0,
      "r": 0.0,
      "f": 0.0
    },
    "flat": {
      "p": 1.0,
      "r": 1.0,
      "f": 1.0
    },
    "aux:pass": {
      "p": 1.0,
      "r": 0.9705882353,
      "f": 0.9850746269
    },
    "nsubj:pass": {
      "p": 0.8679245283,
      "r": 0.8518518519,
      "f": 0.8598130841
    },
    "parataxis": {
      "p": 0.3818181818,
      "r": 0.2957746479,
      "f": 0.3333333333
    },
    "list": {
      "p": 0.0,
      "r": 0.0,
      "f": 0.0
    },
    "expl": {
      "p": 0.76,
      "r": 1.0,
      "f": 0.8636363636
    },
    "compound": {
      "p": 0.75,
      "r": 0.6,
      "f": 0.6666666667
    },
    "vocative": {
      "p": 0.0,
      "r": 0.0,
      "f": 0.0
    },
    "discourse": {
      "p": 1.0,
      "r": 0.3333333333,
      "f": 0.5
    },
    "expl:pass": {
      "p": 0.0,
      "r": 0.0,
      "f": 0.0
    },
    "flat:foreign": {
      "p": 1.0,
      "r": 0.75,
      "f": 0.8571428571
    }
  },
  "lemma_acc": 0.9703333168,
  "tag_acc": 0.8962306206,
  "ents_p": 0.8937657035,
  "ents_r": 0.8960699034,
  "ents_f": 0.8949163203,
  "ents_per_type": {
    "LOC": {
      "p": 0.9114664452,
      "r": 0.9259845288,
      "f": 0.9186681318
    },
    "PER": {
      "p": 0.90687251,
      "r": 0.9220253165,
      "f": 0.9143861411
    },
    "ORG": {
      "p": 0.8461361015,
      "r": 0.8192986375,
      "f": 0.8325011348
    },
    "MISC": {
      "p": 0.8121030346,
      "r": 0.7613298048,
      "f": 0.785897217
    }
  },
  "speed": 9890.3370513661
}